DrugBank ID,UniProt ID,SMILES,protein_seq
DB11638,Q92945,OC1[C@H](C)[C@H]2[C@@]34OO[C@@](C)(O[C@H]3O1)CC[C@H]4[C@H](C)CC2,MSDYSTGGPPPGPPPPAGGGGGAGGAGGGPPPGPPGAGDRGGGGPGGGGPGGGSAGGPSQPPGGGGPGIRKDAFADAVQRARQIAAKIGGDAATTVNNSTPDFGFGGQKRQLEDGDQPESKKLASQGDSISSQLGPIHPPPRTSMTEEYRVPDGMVGLIIGRGGEQINKIQQDSGCKVQISPDSGGLPERSVSLTGAPESVQKAKMMLDDIVSRGRGGPPGQFHDNANGGQNGTVQEIMIPAGKAGLVIGKGGETIKQLQERAGVKMILIQDGSQNTNVDKPLRIIGDPYKVQQACEMVMDILRERDQGGFGDRNEYGSRIGGGIDVPVPRHSVGVVIGRSGEMIKKIQNDAGVRIQFKQDDGTGPEKIAHIMGPPDRCEHAARIINDLLQSLRSGPPGPPGGPGMPPGGRGRGRGQGNWGPPGGEMTFSIPTHKCGLVIGRGGENVKAINQQTGAFVEISRQLPPNGDPNFKLFIIRGSPQQIDHAKQLIEEKIEGPLCPVGPGPGGPGPAGPMGPFNPGPFNQGPPGAPPHAGGPPPHQYPPQGWGNTYPQWQPPAPHDPSKAAAAAADPNAAWAAYYSHYYQQPPGPVPGPAPAPAAPPAQGEPPQPPPTGQSDYTKAWEEYYKKIGQQPQQPGAPPQQDYTKAWEEYYKKQAQVATGGGPGAPPGSQPDYSAAWAEYYRQQAAYYGQTPGPGGPQPPPTQQGQQQA
DB12010,P9WI81,P(=O)(OCN1C(=O)C(C)(C)Oc2c1nc(Nc1c(F)cnc(Nc3cc(OC)c(OC)c(OC)c3)n1)cc2)(O)O,MTTPSHLSDRYELGEILGFGGMSEVHLARDLRLHRDVAVKVLRADLARDPSFYLRFRREAQNAAALNHPAIVAVYDTGEAETPAGPLPYIVMEYVDGVTLRDIVHTEGPMTPKRAIEVIADACQALNFSHQNGIIHRDVKPANIMISATNAVKVMDFGIARAIADSGNSVTQTAAVIGTAQYLSPEQARGDSVDARSDVYSLGCVLYEVLTGEPPFTGDSPVSVAYQHVREDPIPPSARHEGLSADLDAVVLKALAKNPENRYQTAAEMRADLVRVHNGEPPEAPKVLTDAERTSLLSSAAGNLSGPRTDPLPRQDLDDTDRDRSIGSVGRWVAVVAVLAVLTVVVTIAINTFGGITRDVQVPDVRGQSSADAIATLQNRGFKIRTLQKPDSTIPPDHVIGTDPAANTSVSAGDEITVNVSTGPEQREIPDVSTLTYAEAVKKLTAAGFGRFKQANSPSTPELVGKVIGTNPPANQTSAITNVVIIIVGSGPATKDIPDVAGQTVDVAQKNLNVYGFTKFSQASVDSPRPAGEVTGTNPPAGTTVPVDSVIELQVSKGNQFVMPDLSGMFWVDAEPRLRALGWTGMLDKGADVDAGGSQHNRVVYQNPPAGTGVNRDGIITLRFG
DB12010,Q99870,P(=O)(OCN1C(=O)C(C)(C)Oc2c1nc(Nc1c(F)cnc(Nc3cc(OC)c(OC)c(OC)c3)n1)cc2)(O)O,PIIPSYLYSIKHEKNATEIQTARPVHTASISDSFQSIFSYDNSTMVTGNATRDLTLHQTATQHMVTNASAVPSDCPSEDKDLLNENVQVGLLFASKATVQLITNPFIGLLTSRIGYPIPIFAGFCIMFVSTIMFAFSSSYAFLLIARSLQGIGSSCSSV
DB12010,P09769,P(=O)(OCN1C(=O)C(C)(C)Oc2c1nc(Nc1c(F)cnc(Nc3cc(OC)c(OC)c(OC)c3)n1)cc2)(O)O,MGCVFCKKLEPVATAKEDAGLEGDFRSYGAADHYGPDPTKARPASSFAHIPNYSNFSSQAINPGFLDSGTIRGVSGIGVTLFIALYDYEARTEDDLTFTKGEKFHILNNTEGDWWEARSLSSGKTGCIPSNYVAPVDSIQAEEWYFGKIGRKDAERQLLSPGNPQGAFLIRESETTKGAYSLSIRDWDQTRGDHVKHYKIRKLDMGGYYITTRVQFNSVQELVQHYMEVNDGLCNLLIAPCTIMKPQTLGLAKDAWEISRSSITLERRLGTGCFGDVWLGTWNGSTKVAVKTLKPGTMSPKAFLEEAQVMKLLRHDKLVQLYAVVSEEPIYIVTEFMCHGSLLDFLKNPEGQDLRLPQLVDMAAQVAEGMAYMERMNYIHRDLRAANILVGERLACKIADFGLARLIKDDEYNPCQGSKFPIKWTAPEAALFGRFTIKSDVWSFGILLTELITKGRIPYPGMNKREVLEQVEQGYHMPCPPGCPASLYEAMEQTWRLDPEERPTFEYLQSFLEDYFTSAEPQYQPGDQ
DB12010,P54756,P(=O)(OCN1C(=O)C(C)(C)Oc2c1nc(Nc1c(F)cnc(Nc3cc(OC)c(OC)c(OC)c3)n1)cc2)(O)O,MRGSGPRGAGRRRPPSGGGDTPITPASLAGCYSAPRRAPLWTCLLLCAALRTLLASPSNEVNLLDSRTVMGDLGWIAFPKNGWEEIGEVDENYAPIHTYQVCKVMEQNQNNWLLTSWISNEGASRIFIELKFTLRDCNSLPGGLGTCKETFNMYYFESDDQNGRNIKENQYIKIDTIAADESFTELDLGDRVMKLNTEVRDVGPLSKKGFYLAFQDVGACIALVSVRVYYKKCPSVVRHLAVFPDTITGADSSQLLEVSGSCVNHSVTDEPPKMHCSAEGEWLVPIGKCMCKAGYEEKNGTCQVCRPGFFKASPHIQSCGKCPPHSYTHEEASTSCVCEKDYFRRESDPPTMACTRPPSAPRNAISNVNETSVFLEWIPPADTGGRKDVSYYIACKKCNSHAGVCEECGGHVRYLPRQSGLKNTSVMMVDLLAHTNYTFEIEAVNGVSDLSPGARQYVSVNVTTNQAAPSPVTNVKKGKIAKNSISLSWQEPDRPNGIILEYEIKYFEKDQETSYTIIKSKETTITAEGLKPASVYVFQIRARTAAGYGVFSRRFEFETTPVFAASSDQSQIPVIAVSVTVGVILLAVVIGVLLSGSCCECGCGRASSLCAVAHPSLIWRCGYSKAKQDPEEEKMHFHNGHIKLPGVRTYIDPHTYEDPNQAVHEFAKEIEASCITIERVIGAGEFGEVCSGRLKLPGKRELPVAIKTLKVGYTEKQRRDFLGEASIMGQFDHPNIIHLEGVVTKSKPVMIVTEYMENGSLDTFLKKNDGQFTVIQLVGMLRGISAGMKYLSDMGYVHRDLAARNILINSNLVCKVSDFGLSRVLEDDPEAAYTTRGGKIPIRWTAPEAIAFRKFTSASDVWSYGIVMWEVVSYGERPYWEMTNQDVIKAVEEGYRLPSPMDCPAALYQLMLDCWQKERNSRPKFDEIVNMLDKLIRNPSSLKTLVNASCRVSNLLAEHSPLGSGAYRSVGEWLEAIKMGRYTEIFMENGYSSMDAVAQVTLEDLRRLGVTLVGHQKKIMNSLQEMKVQLVNGMVP
DB12010,Q9NYL2,P(=O)(OCN1C(=O)C(C)(C)Oc2c1nc(Nc1c(F)cnc(Nc3cc(OC)c(OC)c(OC)c3)n1)cc2)(O)O,MSSLGASFVQIKFDDLQFFENCGGGSFGSVYRAKWISQDKEVAVKKLLKIEKEAEILSVLSHRNIIQFYGVILEPPNYGIVTEYASLGSLYDYINSNRSEEMDMDHIMTWATDVAKGMHYLHMEAPVKVIHRDLKSRNVVIAADGVLKICDFGASRFHNHTTHMSLVGTFPWMAPEVIQSLPVSETCDTYSYGVVLWEMLTREVPFKGLEGLQVAWLVVEKNERLTIPSSCPRSFAELLHQCWEADAKKRPSFKQIISILESMSNDTSLPDKCNSFLHNKAEWRCEIEATLERLKKLERDLSFKEQELKERERRLKMWEQKLTEQSNTPLLPSFEIGAWTEDDVYCWVQQLVRKGDSSAEMSVYASLFKENNITGKRLLLLEEEDLKDMGIVSKGHIIHFKSAIEKLTHDYINLFHFPPLIKDSGGEPEENEEKIVNLELVFGFHLKPGTGPQDCKWKMYMEMDGDEIAITYIKDVTFNTNLPDAEILKMTKPPFVMEKWIVGIAKSQTVECTVTYESDVRTPKSTKHVHSIQWSRTKPQDEVKAVQLAIQTLFTNSDGNPGSRSDSSADCQWLDTLRMRQIASNTSLQRSQSNPILGSPFFSHFDGQDSYAAAVRRPQVPIKYQQITPVNQSRSSSPTQYGLTKNFSSLHLNSRDSGFSSGNTDTSSERGRYSDRSRNKYGRGSISLNSSPRGRYSGKSQHSTPSRGRYPGKFYRVSQSALNPHQSPDFKRSPRDLHQPNTIPGMPLHPETDSRASEEDSKVSEGGWTKVEYRKKPHRPSPAKTNKERARGDHRGWRN
DB03017,P9WNG3,O=C(O)CCCCCCCCCCC,MTEIATTSGARSVGLLSVGAYRPERVVTNDEICQHIDSSDEWIYTRTGIKTRRFAADDESAASMATEACRRALSNAGLSAADIDGVIVTTNTHFLQTPPAAPMVAASLGAKGILGFDLSAGCAGFGYALGAAADMIRGGGAATMLVVGTEKLSPTIDMYDRGNCFIFADGAAAVVVGETPFQGIGPTVAGSDGEQADAIRQDIDWITFAQNPSGPRPFVRLEGPAVFRWAAFKMGDVGRRAMDAAGVRPDQIDVFVPHQANSRINELLVKNLQLRPDAVVANDIEHTGNTSAASIPLAMAELLTTGAAKPGDLALLIGYGAGLSYAAQVVRMPK
DB05015,Q96DB2,S(=O)(=O)(Nc1ccccc1)c1cc(/C=C/C(=O)NO)ccc1,MLHTTQLYQHVPETRWPIVYSPRYNITFMGLEKLHPFDAGKWGKVINFLKEEKLLSDSMLVEAREASEEDLLVVHTRRYLNELKWSFAVATITEIPPVIFLPNFLVQRKVLRPLRTQTGGTIMAGKLAVERGWAINVGGGFHHCSSDRGGGFCAYADITLAIKFLFERVEGISRATIIDLDAHQGNGHERDFMDDKRVYIMDVYNRHIYPGDRFAKQAIRRKVELEWGTEDDEYLDKVERNIKKSLQEHLPDVVVYNAGTDILEGDRLGGLSISPAGIVKRDELVFRMVRGRRVPILMVTSGGYQKRTARIIADSILNLFGLGLIGPESPSVSAQNSDTPLLPPAV
DB03619,Q8TDU6,O=C(O)CC[C@@H](C)[C@@H]1[C@@]2(C)[C@@H](O)C[C@@H]3[C@]4(C)[C@@H](C[C@H](O)CC4)CC[C@H]3[C@@H]2CC1,MTPNSTGEVPSPIPKGALGLSLALASLIITANLLLALGIAWDRRLRSPPAGCFFLSLLLAGLLTGLALPTLPGLWNQSRRGYWSCLLVYLAPNFSFLSLLANLLLVHGERYMAVLRPLQPPGSIRLALLLTWAGPLLFASLPALGWNHWTPGANCSSQAIFPAPYLYLEVYGLLLPAVGAAAFLSVRVLATAHRQLQDICRLERAVCRDEPSALARALTWRQARAQAGAMLLFGLCWGPYVATLLLSVLAYEQRPPLGPGTLLSLLSLGSASAAAVPVAMGLGDQRYTAPWRAAAQRCLQGLWGRASRDSPGPSIAYHPSSQSSVDLDL
DB14011,Q9Y2T6,Oc1c([C@H]2[C@H](C(=C)C)CCC(C)=C2)c(O)cc(CCCCC)c1.Oc1c2[C@H]3[C@H](C(C)(C)Oc2cc(CCCCC)c1)CCC(C)=C3,MSQQNTSGDCLFDGVNELMKTLQFAVHIPTFVLGLLLNLLAIHGFSTFLKNRWPDYAATSIYMINLAVFDLLLVLSLPFKMVLSQVQSPFPSLCTLVECLYFVSMYGSVFTICFISMDRFLAIRYPLLVSHLRSPRKIFGICCTIWVLVWTGSIPIYSFHGKVEKYMCFHNMSDDTWSAKVFFPLEVFGFLLPMGIMGFCCSRSIHILLGRRDHTQDWVQQKACIYSIAASLAVFVVSFLPVHLGFFLQFLVRNSFIVECRAKQSISFFLQLSMCFSNVNCCLDVFCYYFVIKEFRMNIRAHRPSRVQLVLQDTTISR
DB09061,Q9Y2T6,Oc1c([C@H]2[C@H](C(=C)C)CCC(C)=C2)c(O)cc(CCCCC)c1,MSQQNTSGDCLFDGVNELMKTLQFAVHIPTFVLGLLLNLLAIHGFSTFLKNRWPDYAATSIYMINLAVFDLLLVLSLPFKMVLSQVQSPFPSLCTLVECLYFVSMYGSVFTICFISMDRFLAIRYPLLVSHLRSPRKIFGICCTIWVLVWTGSIPIYSFHGKVEKYMCFHNMSDDTWSAKVFFPLEVFGFLLPMGIMGFCCSRSIHILLGRRDHTQDWVQQKACIYSIAASLAVFVVSFLPVHLGFFLQFLVRNSFIVECRAKQSISFFLQLSMCFSNVNCCLDVFCYYFVIKEFRMNIRAHRPSRVQLVLQDTTISR
DB11755,Q9Y2T6,Oc1c2[C@H]3[C@H](C(C)(C)Oc2cc(CCC)c1)CCC(C)=C3,MSQQNTSGDCLFDGVNELMKTLQFAVHIPTFVLGLLLNLLAIHGFSTFLKNRWPDYAATSIYMINLAVFDLLLVLSLPFKMVLSQVQSPFPSLCTLVECLYFVSMYGSVFTICFISMDRFLAIRYPLLVSHLRSPRKIFGICCTIWVLVWTGSIPIYSFHGKVEKYMCFHNMSDDTWSAKVFFPLEVFGFLLPMGIMGFCCSRSIHILLGRRDHTQDWVQQKACIYSIAASLAVFVVSFLPVHLGFFLQFLVRNSFIVECRAKQSISFFLQLSMCFSNVNCCLDVFCYYFVIKEFRMNIRAHRPSRVQLVLQDTTISR
DB06448,P17936,Brc1c2[C@@H](C3CCN(C(=O)CC4CCN(C(=O)N)CC4)CC3)c3ncc(Br)cc3CCc2cc(Cl)c1,MQRARPTLWAAALTLLVLLRGPPVARAGASSAGLGPVVRCEPCDARALAQCAPPPAVCAELVREPGCGCCLTCALSEGQPCGIYTERCGSGLRCQPSPDEARPLQALLDGRGLCVNASAVSRLRAYLLPAPPAPGNASESEEDRSAGSVESPSVSSTHRVSDPKFHPLHSKIIIIKKGHAKDSQRYKVDYESQSTDTQNFSSESKRETEYGPCRREMEDTLNHLKFLNVLSPRGVHIPNCDKKGFYKKKQCRPSKGRKRGFCWCVDKYGQPLPGYTTKGKEDVHCYSMQS
DB14059,Q04206,Clc1ccc(-c2n(-c3ccc(S(=O)(=O)N)cc3)nc(C(F)(F)F)c2)cc1,MDELFPLIFPAEPAQASGPYVEIIEQPKQRGMRFRYKCEGRSAGSIPGERSTDTTKTHPTIKINGYTGPGTVRISLVTKDPPHRPHPHELVGKDCRDGFYEAELCPDRCIHSFQNLGIQCVKKRDLEQAISQRIQTNNNPFQVPIEEQRGDYDLNAVRLCFQVTVRDPSGRPLRLPPVLSHPIFDNRAPNTAELKICRVNRNSGSCLGGDEIFLLCDKVQKEDIEVYFTGPGWEARGSFSQADVHRQVAIVFRTPPYADPSLQAPVRVSMQLRRPSDRELSEPMEFQYLPDTDDRHRIEEKRKRTYETFKSIMKKSPFSGPTDPRPPPRRIAVPSRSSASVPKPAPQPYPFTSSLSTINYDEFPTMVFPSGQISQASALAPAPPQVLPQAPAPAPAPAMVSALAQAPAPVPVLAPGPPQAVAPPAPKPTQAGEGTLSEALLQLQFDDEDLGALLGNSTDPAVFTDLASVDNSEFQQLLNQGIPVAPHTTEPMLMEYPEAITRLVTGAQRPPDPAPAPLGAPGLPNGLLSGDEDFSSIADMDFSALLSQIS
DB12598,P06870,O=C(Oc1cc2c(cc(C(=N)N)cc2)cc1)c1ccc(NC(=N)N)cc1,MWFLVLCLALSLGGTGAAPPIQSRIVGGWECEQHSQPWQAALYHFSTFQCGGILVHRQWVLTAAHCISDNYQLWLGRHNLFDDENTAQFVHVSESFPHPGFNMSLLENHTRQADEDYSHDLMLLRLTEPADTITDAVKVVELPTEEPEVGSTCLASGWGSIEPENFSFPDDLQCVDLKILPNDECKKAHVQKVTDFMLCVGHLEGGKDTCVGDSGGPLMCDGVLQGVTSWGYVPCGTPNKPSVAVRVLSYVKWIEDTIAEN
DB13954,Q99527,O=C(O[C@@H]1[C@]2(C)[C@H]([C@H]3[C@@H](c4c(cc(O)cc4)CC3)CC2)CC1)CCC1CCCC1,MDVTSQARGVGLEMYPGTAQPAAPNTTSPELNLSHPLLGTALANGTGELSEHQQYVIGLFLSCLYTIFLFPIGFVGNILILVVNISFREKMTIPDLYFINLAVADLILVADSLIEVFNLHERYYDIAVLCTFMSLFLQVNMYSSVFFLTWMSFDRYIALARAMRCSLFRTKHHARLSCGLIWMASVSATLVPFTAVHLQHTDEACFCFADVREVQWLEVTLGFIVPFAIIGLCYSLIVRVLVRAHRHRGLRPRRQKALRMILAVVLVFFVCWLPENVFISVHLLQRTQPGAAPCKQSFRHAHPLTGHIVNLAAFSNSCLNPLIYSFLGETFRDKLRLYIEQKTNLPALNRFCHAALKAVIPDSTEQSDVRFSSA
DB13954,P00846,O=C(O[C@@H]1[C@]2(C)[C@H]([C@H]3[C@@H](c4c(cc(O)cc4)CC3)CC2)CC1)CCC1CCCC1,MNENLFASFIAPTILGLPAAVLIILFPPLLIPTSKYLINNRLITTQQWLIKLTSKQMMTMHNTKGRTWSLMLVSLIIFIATTNLLGLLPHSFTPTTQLSMNLAMAIPLWAGTVIMGFRSKIKNALAHFLPQGTPTPLIPMLVIIETISLLIQPMALAVRLTANITAGHLLMHLIGSATLAMSTINLPSTLIIFTILILLTILEIAVALIQAYVFTLLVSLYLHDN
DB13954,Q14457,O=C(O[C@@H]1[C@]2(C)[C@H]([C@H]3[C@@H](c4c(cc(O)cc4)CC3)CC2)CC1)CCC1CCCC1,MEGSKTSNNSTMQVSFVCQRCSQPLKLDTSFKILDRVTIQELTAPLLTTAQAKPGETQEEETNSGEEPFIETPRQDGVSRRFIPPARMMSTESANSFTLIGEASDGGTMENLSRRLKVTGDLFDIMSGQTDVDHPLCEECTDTLLDQLDTQLNVTENECQNYKRCLEILEQMNEDDSEQLQMELKELALEEERLIQELEDVEKNRKIVAENLEKVQAEAERLDQEEAQYQREYSEFKRQQLELDDELKSVENQMRYAQTQLDKLKKTNVFNATFHIWHSGQFGTINNFRLGRLPSVPVEWNEINAAWGQTVLLLHALANKMGLKFQRYRLVPYGNHSYLESLTDKSKELPLYCSGGLRFFWDNKFDHAMVAFLDCVQQFKEEVEKGETRFCLPYRMDVEKGKIEDTGGSGGSYSIKTQFNSEEQWTKALKFMLTNLKWGLAWVSSQFYN
DB13955,Q99527,O=C(O[C@@H]1[C@]2(C)[C@H]([C@H]3[C@@H](c4c(cc(OC(=O)CCCCCC)cc4)CC3)CC2)CC1)CCCCCC,MDVTSQARGVGLEMYPGTAQPAAPNTTSPELNLSHPLLGTALANGTGELSEHQQYVIGLFLSCLYTIFLFPIGFVGNILILVVNISFREKMTIPDLYFINLAVADLILVADSLIEVFNLHERYYDIAVLCTFMSLFLQVNMYSSVFFLTWMSFDRYIALARAMRCSLFRTKHHARLSCGLIWMASVSATLVPFTAVHLQHTDEACFCFADVREVQWLEVTLGFIVPFAIIGLCYSLIVRVLVRAHRHRGLRPRRQKALRMILAVVLVFFVCWLPENVFISVHLLQRTQPGAAPCKQSFRHAHPLTGHIVNLAAFSNSCLNPLIYSFLGETFRDKLRLYIEQKTNLPALNRFCHAALKAVIPDSTEQSDVRFSSA
DB13955,P00846,O=C(O[C@@H]1[C@]2(C)[C@H]([C@H]3[C@@H](c4c(cc(OC(=O)CCCCCC)cc4)CC3)CC2)CC1)CCCCCC,MNENLFASFIAPTILGLPAAVLIILFPPLLIPTSKYLINNRLITTQQWLIKLTSKQMMTMHNTKGRTWSLMLVSLIIFIATTNLLGLLPHSFTPTTQLSMNLAMAIPLWAGTVIMGFRSKIKNALAHFLPQGTPTPLIPMLVIIETISLLIQPMALAVRLTANITAGHLLMHLIGSATLAMSTINLPSTLIIFTILILLTILEIAVALIQAYVFTLLVSLYLHDN
DB13955,Q14457,O=C(O[C@@H]1[C@]2(C)[C@H]([C@H]3[C@@H](c4c(cc(OC(=O)CCCCCC)cc4)CC3)CC2)CC1)CCCCCC,MEGSKTSNNSTMQVSFVCQRCSQPLKLDTSFKILDRVTIQELTAPLLTTAQAKPGETQEEETNSGEEPFIETPRQDGVSRRFIPPARMMSTESANSFTLIGEASDGGTMENLSRRLKVTGDLFDIMSGQTDVDHPLCEECTDTLLDQLDTQLNVTENECQNYKRCLEILEQMNEDDSEQLQMELKELALEEERLIQELEDVEKNRKIVAENLEKVQAEAERLDQEEAQYQREYSEFKRQQLELDDELKSVENQMRYAQTQLDKLKKTNVFNATFHIWHSGQFGTINNFRLGRLPSVPVEWNEINAAWGQTVLLLHALANKMGLKFQRYRLVPYGNHSYLESLTDKSKELPLYCSGGLRFFWDNKFDHAMVAFLDCVQQFKEEVEKGETRFCLPYRMDVEKGKIEDTGGSGGSYSIKTQFNSEEQWTKALKFMLTNLKWGLAWVSSQFYN
DB13956,Q99527,O=C(O[C@@H]1[C@]2(C)[C@H]([C@H]3[C@@H](c4c(cc(O)cc4)CC3)CC2)CC1)CCCC,MDVTSQARGVGLEMYPGTAQPAAPNTTSPELNLSHPLLGTALANGTGELSEHQQYVIGLFLSCLYTIFLFPIGFVGNILILVVNISFREKMTIPDLYFINLAVADLILVADSLIEVFNLHERYYDIAVLCTFMSLFLQVNMYSSVFFLTWMSFDRYIALARAMRCSLFRTKHHARLSCGLIWMASVSATLVPFTAVHLQHTDEACFCFADVREVQWLEVTLGFIVPFAIIGLCYSLIVRVLVRAHRHRGLRPRRQKALRMILAVVLVFFVCWLPENVFISVHLLQRTQPGAAPCKQSFRHAHPLTGHIVNLAAFSNSCLNPLIYSFLGETFRDKLRLYIEQKTNLPALNRFCHAALKAVIPDSTEQSDVRFSSA
DB13956,P00846,O=C(O[C@@H]1[C@]2(C)[C@H]([C@H]3[C@@H](c4c(cc(O)cc4)CC3)CC2)CC1)CCCC,MNENLFASFIAPTILGLPAAVLIILFPPLLIPTSKYLINNRLITTQQWLIKLTSKQMMTMHNTKGRTWSLMLVSLIIFIATTNLLGLLPHSFTPTTQLSMNLAMAIPLWAGTVIMGFRSKIKNALAHFLPQGTPTPLIPMLVIIETISLLIQPMALAVRLTANITAGHLLMHLIGSATLAMSTINLPSTLIIFTILILLTILEIAVALIQAYVFTLLVSLYLHDN
DB13956,Q14457,O=C(O[C@@H]1[C@]2(C)[C@H]([C@H]3[C@@H](c4c(cc(O)cc4)CC3)CC2)CC1)CCCC,MEGSKTSNNSTMQVSFVCQRCSQPLKLDTSFKILDRVTIQELTAPLLTTAQAKPGETQEEETNSGEEPFIETPRQDGVSRRFIPPARMMSTESANSFTLIGEASDGGTMENLSRRLKVTGDLFDIMSGQTDVDHPLCEECTDTLLDQLDTQLNVTENECQNYKRCLEILEQMNEDDSEQLQMELKELALEEERLIQELEDVEKNRKIVAENLEKVQAEAERLDQEEAQYQREYSEFKRQQLELDDELKSVENQMRYAQTQLDKLKKTNVFNATFHIWHSGQFGTINNFRLGRLPSVPVEWNEINAAWGQTVLLLHALANKMGLKFQRYRLVPYGNHSYLESLTDKSKELPLYCSGGLRFFWDNKFDHAMVAFLDCVQQFKEEVEKGETRFCLPYRMDVEKGKIEDTGGSGGSYSIKTQFNSEEQWTKALKFMLTNLKWGLAWVSSQFYN
DB13953,Q99527,O=C(Oc1cc2c([C@@H]3[C@H]([C@H]4[C@@](C)([C@@H](O)CC4)CC3)CC2)cc1)c1ccccc1,MDVTSQARGVGLEMYPGTAQPAAPNTTSPELNLSHPLLGTALANGTGELSEHQQYVIGLFLSCLYTIFLFPIGFVGNILILVVNISFREKMTIPDLYFINLAVADLILVADSLIEVFNLHERYYDIAVLCTFMSLFLQVNMYSSVFFLTWMSFDRYIALARAMRCSLFRTKHHARLSCGLIWMASVSATLVPFTAVHLQHTDEACFCFADVREVQWLEVTLGFIVPFAIIGLCYSLIVRVLVRAHRHRGLRPRRQKALRMILAVVLVFFVCWLPENVFISVHLLQRTQPGAAPCKQSFRHAHPLTGHIVNLAAFSNSCLNPLIYSFLGETFRDKLRLYIEQKTNLPALNRFCHAALKAVIPDSTEQSDVRFSSA
DB13953,P00846,O=C(Oc1cc2c([C@@H]3[C@H]([C@H]4[C@@](C)([C@@H](O)CC4)CC3)CC2)cc1)c1ccccc1,MNENLFASFIAPTILGLPAAVLIILFPPLLIPTSKYLINNRLITTQQWLIKLTSKQMMTMHNTKGRTWSLMLVSLIIFIATTNLLGLLPHSFTPTTQLSMNLAMAIPLWAGTVIMGFRSKIKNALAHFLPQGTPTPLIPMLVIIETISLLIQPMALAVRLTANITAGHLLMHLIGSATLAMSTINLPSTLIIFTILILLTILEIAVALIQAYVFTLLVSLYLHDN
DB13953,Q14457,O=C(Oc1cc2c([C@@H]3[C@H]([C@H]4[C@@](C)([C@@H](O)CC4)CC3)CC2)cc1)c1ccccc1,MEGSKTSNNSTMQVSFVCQRCSQPLKLDTSFKILDRVTIQELTAPLLTTAQAKPGETQEEETNSGEEPFIETPRQDGVSRRFIPPARMMSTESANSFTLIGEASDGGTMENLSRRLKVTGDLFDIMSGQTDVDHPLCEECTDTLLDQLDTQLNVTENECQNYKRCLEILEQMNEDDSEQLQMELKELALEEERLIQELEDVEKNRKIVAENLEKVQAEAERLDQEEAQYQREYSEFKRQQLELDDELKSVENQMRYAQTQLDKLKKTNVFNATFHIWHSGQFGTINNFRLGRLPSVPVEWNEINAAWGQTVLLLHALANKMGLKFQRYRLVPYGNHSYLESLTDKSKELPLYCSGGLRFFWDNKFDHAMVAFLDCVQQFKEEVEKGETRFCLPYRMDVEKGKIEDTGGSGGSYSIKTQFNSEEQWTKALKFMLTNLKWGLAWVSSQFYN
DB13952,Q99527,O=C(Oc1cc2c([C@@H]3[C@H]([C@H]4[C@@](C)([C@@H](O)CC4)CC3)CC2)cc1)C,MDVTSQARGVGLEMYPGTAQPAAPNTTSPELNLSHPLLGTALANGTGELSEHQQYVIGLFLSCLYTIFLFPIGFVGNILILVVNISFREKMTIPDLYFINLAVADLILVADSLIEVFNLHERYYDIAVLCTFMSLFLQVNMYSSVFFLTWMSFDRYIALARAMRCSLFRTKHHARLSCGLIWMASVSATLVPFTAVHLQHTDEACFCFADVREVQWLEVTLGFIVPFAIIGLCYSLIVRVLVRAHRHRGLRPRRQKALRMILAVVLVFFVCWLPENVFISVHLLQRTQPGAAPCKQSFRHAHPLTGHIVNLAAFSNSCLNPLIYSFLGETFRDKLRLYIEQKTNLPALNRFCHAALKAVIPDSTEQSDVRFSSA
DB13952,P00846,O=C(Oc1cc2c([C@@H]3[C@H]([C@H]4[C@@](C)([C@@H](O)CC4)CC3)CC2)cc1)C,MNENLFASFIAPTILGLPAAVLIILFPPLLIPTSKYLINNRLITTQQWLIKLTSKQMMTMHNTKGRTWSLMLVSLIIFIATTNLLGLLPHSFTPTTQLSMNLAMAIPLWAGTVIMGFRSKIKNALAHFLPQGTPTPLIPMLVIIETISLLIQPMALAVRLTANITAGHLLMHLIGSATLAMSTINLPSTLIIFTILILLTILEIAVALIQAYVFTLLVSLYLHDN
DB13952,Q14457,O=C(Oc1cc2c([C@@H]3[C@H]([C@H]4[C@@](C)([C@@H](O)CC4)CC3)CC2)cc1)C,MEGSKTSNNSTMQVSFVCQRCSQPLKLDTSFKILDRVTIQELTAPLLTTAQAKPGETQEEETNSGEEPFIETPRQDGVSRRFIPPARMMSTESANSFTLIGEASDGGTMENLSRRLKVTGDLFDIMSGQTDVDHPLCEECTDTLLDQLDTQLNVTENECQNYKRCLEILEQMNEDDSEQLQMELKELALEEERLIQELEDVEKNRKIVAENLEKVQAEAERLDQEEAQYQREYSEFKRQQLELDDELKSVENQMRYAQTQLDKLKKTNVFNATFHIWHSGQFGTINNFRLGRLPSVPVEWNEINAAWGQTVLLLHALANKMGLKFQRYRLVPYGNHSYLESLTDKSKELPLYCSGGLRFFWDNKFDHAMVAFLDCVQQFKEEVEKGETRFCLPYRMDVEKGKIEDTGGSGGSYSIKTQFNSEEQWTKALKFMLTNLKWGLAWVSSQFYN
DB11093,P0DP23,O=C([O-])C(O)(CC(=O)[O-])CC(=O)[O-].O=C([O-])C(O)(CC(=O)[O-])CC(=O)[O-].[Ca+2].[Ca+2].[Ca+2],MADQLTEEQIAEFKEAFSLFDKDGDGTITTKELGTVMRSLGQNPTEAELQDMINEVDADGNGTIDFPEFLTMMARKMKDTDSEEEIREAFRVFDKDGNGYISAAELRHVMTNLGEKLTDEEVDEMIREADIDGDGQVNYEEFVQMMTA
DB12695,P60709,S=C=NCCc1ccccc1,MDDDIAALVVDNGSGMCKAGFAGDDAPRAVFPSIVGRPRHQGVMVGMGQKDSYVGDEAQSKRGILTLKYPIEHGIVTNWDDMEKIWHHTFYNELRVAPEEHPVLLTEAPLNPKANREKMTQIMFETFNTPAMYVAIQAVLSLYASGRTTGIVMDSGDGVTHTVPIYEGYALPHAILRLDLAGRDLTDYLMKILTERGYSFTTTAEREIVRDIKEKLCYVALDFEQEMATAASSSSLEKSYELPDGQVITIGNERFRCPEALFQPSFLGMESCGIHETTFNSIMKCDVDIRKDLYANTVLSGGTTMYPGIADRMQKEITALAPSTMKIKIIAPPERKYSVWIGGSILASLSTFQQMWISKQEYDESGPSIVHRKC
DB06728,P06870,Nc1ccccc1,MWFLVLCLALSLGGTGAAPPIQSRIVGGWECEQHSQPWQAALYHFSTFQCGGILVHRQWVLTAAHCISDNYQLWLGRHNLFDDENTAQFVHVSESFPHPGFNMSLLENHTRQADEDYSHDLMLLRLTEPADTITDAVKVVELPTEEPEVGSTCLASGWGSIEPENFSFPDDLQCVDLKILPNDECKKAHVQKVTDFMLCVGHLEGGKDTCVGDSGGPLMCDGVLQGVTSWGYVPCGTPNKPSVAVRVLSYVKWIEDTIAEN
DB09166,P25105,Clc1c(C2=NCc3n(c(C)nn3)-c3sc(CC)cc23)cccc1,MEPHDSSHMDSEFRYTLFPIVYSIIFVLGVIANGYVLWVFARLYPCKKFNEIKIFMVNLTMADMLFLITLPLWIVYYQNQGNWILPKFLCNVAGCLFFINTYCSVAFLGVITYNRFQAVTRPIKTAQANTRKRGISLSLVIWVAIVGAASYFLILDSTNTVPDSAGSGNVTRCFEHYEKGSVPVLIIHIFIVFSFFLVFLIILFCNLVIIRTLLMQPVQQQRNAEVKRRALWMVCTVLAVFIICFVPHHVVQLPWTLAELGFQDSKFHQAINDAHQVTLCLLSTNCVLDPVIYCFLTKKFRKHLTEKFYSMRSSRKCSRATTDTVTEVVVPFNQIPGNSLK
DB11614,P25105,Clc1cc2c(C(=C3CCN(Cc4cc(C)cnc4)CC3)c3ncccc3CC2)cc1,MEPHDSSHMDSEFRYTLFPIVYSIIFVLGVIANGYVLWVFARLYPCKKFNEIKIFMVNLTMADMLFLITLPLWIVYYQNQGNWILPKFLCNVAGCLFFINTYCSVAFLGVITYNRFQAVTRPIKTAQANTRKRGISLSLVIWVAIVGAASYFLILDSTNTVPDSAGSGNVTRCFEHYEKGSVPVLIIHIFIVFSFFLVFLIILFCNLVIIRTLLMQPVQQQRNAEVKRRALWMVCTVLAVFIICFVPHHVVQLPWTLAELGFQDSKFHQAINDAHQVTLCLLSTNCVLDPVIYCFLTKKFRKHLTEKFYSMRSSRKCSRATTDTVTEVVVPFNQIPGNSLK
DB12228,Q16602,FC(F)(F)CN1C(=O)[C@H](N=C(O)N2CCC(n3c(O)nc4ncccc34)CC2)CC[C@@H](c2c(F)c(F)ccc2)C1,MEKKCTLNFLVLLPFFMILVTAELEESPEDSIQLGVTRNKIMTAQYECYQKIMQDPIQQAEGVYCNRTWDGWLCWNDVAAGTESMQLCPDYFQDFDPSEKVTKICDQDGNWFRHPASNRTWTNYTQCNVNTHEKVKTALNLFYLTIIGHGLSIASLLISLGIFFYFKSLSCQRITLHKNLFFSFVCNSVVTIIHLTAVANNQALVATNPVSCKVSQFIHLYLMGCNYFWMLCEGIYLHTLIVVAVFAEKQHLMWYYFLGWGFPLIPACIHAIARSLYYNDNCWISSDTHLLYIIHGPICAALLVNLFFLLNIVRVLITKLKVTHQAESNLYMKAVRATLILVPLLGIEFVLIPWRPEGKIAEEVYDYIMHILMHFQGLLVSTIFCFFNGEVQAILRRNWNQYKIQFGNSFSNSEALRSASYTVSTISDGPGYSHDCPSEHLNGKSIHDIENVLLKPENLY
DB09477,P46663,O=C(O)[C@@H](N[C@H](C(=O)N1[C@H](C(=O)O)CCC1)C)CCc1ccccc1,MASSWPPLELQSSNQSQLFPQNATACDNAPEAWDLLHRVLPTFIISICFFGLLGNLFVLLVFLLPRRQLNVAEIYLANLAASDLVFVLGLPFWAENIWNQFNWPFGALLCRVINGVIKANLFISIFLVVAISQDRYRVLVHPMASRRQQRRRQARVTCVLIWVVGGLLSIPTFLLRSIQAVPDLNITACILLLPHEAWHFARIVELNILGFLLPLAAIVFFNYHILASLRTREEVSRTRCGGRKDSKTTALILTLVVAFLVCWAPYHFFAFLEFLFQVQAVRGCFWEDFIDLGLQLANFFAFTNSSLNPVIYVFVGRLFRTKVWELYKQCTPKSLAPISSSHRKEIFQLFWR
